Region,Segment,Sub-segment,Sub-segment 1,2019,2020,2021,2022,2023,2024,2025,2026,2027,2028,2029,2030,2031
Global,By Technology,Single-Phase Micro Inverters,Single-Phase Micro Inverters,2422.1,2401.1,2624.0,2881.1,3187.6,3540.4,3937.8,4389.2,4900.0,5476.6,6132.5,6876.2,7734.1
Global,By Technology,Three-Phase Micro Inverters,Three-Phase Micro Inverters,1248.5,1259.5,1400.4,1564.1,1759.9,1987.4,2247.2,2545.8,2888.0,3279.4,3730.2,4248.0,4851.8
Global,By Power Rating,Less than 250 W,Less than 250 W,1710.9,1705.6,1874.5,2069.8,2302.9,2572.3,2877.2,3225.2,3621.0,4070.0,4583.4,5168.4,5846.4
Global,By Power Rating,250 W - 500 W,250 W - 500 W,1328.6,1331.7,1471.4,1633.4,1827.1,2051.6,2306.9,2599.5,2933.6,3314.5,3751.8,4252.4,4834.6
Global,By Power Rating,More than 500 W,More than 500 W,631.1,623.3,678.5,742.0,817.5,903.9,1000.8,1110.3,1233.4,1371.4,1527.5,1703.4,1904.9
Global,By Provider,Direct Sales through OEM,Direct Sales through OEM,646.2,636.5,691.3,754.3,829.4,915.5,1012.0,1121.1,1244.0,1382.0,1538.2,1714.4,1916.8
Global,By Provider,Distributors and Wholesalers,Distributors and Wholesalers,1030.2,1027.2,1129.0,1246.8,1387.3,1549.6,1733.3,1942.7,2180.9,2450.9,2759.5,3111.0,3518.1
Global,By Provider,Retailers,Retailers,806.3,798.7,872.3,957.1,1058.2,1174.5,1305.6,1454.3,1622.6,1812.5,2028.4,2273.1,2555.4
Global,By Provider,Solar Installers and Contractors,Solar Installers and Contractors,1188.0,1198.1,1331.8,1487.0,1672.6,1888.2,2134.2,2416.8,2740.5,3110.6,3536.6,4025.6,4595.7
Global,By End User,Residential,Residential,1833.0,1844.2,2045.4,2279.3,2559.4,2885.1,3257.0,3684.6,4174.9,4735.9,5382.6,6125.7,6993.2
Global,By End User,Commercial and Industrial,Commercial and Industrial,1125.0,1115.3,1219.0,1338.6,1481.2,1645.3,1830.2,2040.1,2277.6,2545.8,2850.7,3196.5,3595.3
Global,By End User,Utility-scale,Utility-scale,712.7,701.1,760.0,827.2,906.8,997.3,1097.8,1210.3,1335.5,1474.3,1629.5,1802.0,1997.5
Global,By Region,North America,North America,1154.1,1153.3,1270.4,1406.0,1568.1,1755.5,1968.1,2211.2,2488.1,2803.0,3163.6,3575.4,4053.3
Global,By Region,Europe,Europe,801.8,793.6,865.9,949.3,1048.7,1162.9,1291.4,1437.1,1601.8,1787.4,1998.2,2236.8,2511.8
Global,By Region,Asia Pacific,Asia Pacific,1501.5,1507.9,1669.3,1856.8,2081.0,2341.4,2638.2,2978.8,3368.6,3813.8,4325.9,4913.3,5597.9
Global,By Region,Middle East & Africa,Middle East & Africa,122.4,120.6,130.4,141.1,153.3,166.5,180.4,195.0,210.0,225.3,240.7,255.9,270.8
Global,By Region,Latin America,Latin America,90.8,85.3,88.3,91.9,96.4,101.4,106.9,112.9,119.5,126.6,134.3,142.7,152.1
North America,By Technology,Single-Phase Micro Inverters,Single-Phase Micro Inverters,769.4,764.3,837.0,920.8,1020.9,1136.2,1266.3,1414.3,1582.0,1771.7,1987.9,2233.4,2517.0
North America,By Technology,Three-Phase Micro Inverters,Three-Phase Micro Inverters,384.7,389.0,433.5,485.2,547.2,619.3,701.9,796.9,906.1,1031.3,1175.8,1342.0,1536.3
North America,By Power Rating,Less than 250 W,Less than 250 W,539.3,538.9,593.6,656.9,732.6,820.1,919.5,1033.0,1162.4,1309.5,1478.0,1670.4,1893.8
North America,By Power Rating,250 W - 500 W,250 W - 500 W,413.7,415.3,459.6,511.1,572.6,644.0,725.3,818.6,925.3,1047.2,1187.3,1347.9,1535.0
North America,By Power Rating,More than 500 W,More than 500 W,201.1,199.1,217.2,238.1,262.9,291.4,323.4,359.6,400.4,446.3,498.3,557.0,624.5
North America,By Provider,Direct Sales through OEM,Direct Sales through OEM,205.5,202.9,220.9,241.6,266.3,294.6,326.4,362.4,403.0,448.7,500.6,559.2,626.6
North America,By Provider,Distributors and Wholesalers,Distributors and Wholesalers,321.4,320.9,353.1,390.5,435.1,486.7,545.1,611.9,687.9,774.2,872.9,985.5,1116.1
North America,By Provider,Retailers,Retailers,256.3,254.5,278.5,306.2,339.3,377.3,420.3,469.2,524.5,587.1,658.4,739.3,832.8
North America,By Provider,Solar Installers and Contractors,Solar Installers and Contractors,370.9,375.0,417.9,467.8,527.4,596.9,676.3,767.8,872.7,993.0,1131.8,1291.4,1477.8
North America,By End User,Residential,Residential,568.8,573.5,637.5,711.9,801.2,905.1,1024.0,1161.0,1318.3,1498.8,1707.1,1947.1,2227.7
North America,By End User,Commercial and Industrial,Commercial and Industrial,357.2,354.9,388.7,427.8,474.3,527.9,588.4,657.3,735.3,823.5,924.0,1038.1,1169.9
North America,By End User,Utility-scale,Utility-scale,228.1,224.9,244.2,266.4,292.6,322.5,355.7,393.0,434.5,480.8,532.5,590.2,655.7
Global,By Region,North America,U.S.,1005.9,1007.6,1112.6,1234.4,1379.9,1548.5,1740.3,1959.9,2210.7,2496.4,2824.3,3199.6,3636.0
Global,By Region,North America,Canada,148.2,145.7,157.8,171.7,188.2,207.0,227.9,251.3,277.5,306.6,339.3,375.8,417.3
U.S.,By Technology,Single-Phase Micro Inverters,Single-Phase Micro Inverters,677.9,674.9,740.8,816.9,907.8,1012.6,1131.2,1266.3,1419.7,1593.6,1792.1,2018.0,2279.5
U.S.,By Technology,Three-Phase Micro Inverters,Three-Phase Micro Inverters,328.1,332.7,371.8,417.4,472.1,535.9,609.1,693.6,791.0,902.8,1032.2,1181.6,1356.5
U.S.,By Power Rating,Less than 250 W,Less than 250 W,471.3,472.1,521.3,578.4,646.7,725.8,815.8,918.8,1036.5,1170.5,1324.4,1500.6,1705.4
U.S.,By Power Rating,250 W - 500 W,250 W - 500 W,356.9,359.1,398.4,444.0,498.7,562.2,634.7,718.1,813.7,923.1,1049.1,1194.0,1363.1
U.S.,By Power Rating,More than 500 W,More than 500 W,177.8,176.4,192.9,211.9,234.5,260.5,289.8,323.0,360.5,402.8,450.7,505.0,567.5
U.S.,By Provider,Direct Sales through OEM,Direct Sales through OEM,181.3,179.5,196.0,214.9,237.5,263.5,292.8,326.0,363.5,405.8,453.8,508.3,571.0
U.S.,By Provider,Distributors and Wholesalers,Distributors and Wholesalers,277.7,277.9,306.5,339.6,379.2,425.0,477.1,536.6,604.5,681.9,770.5,871.8,989.5
U.S.,By Provider,Retailers,Retailers,226.0,225.0,246.9,272.1,302.3,337.1,376.5,421.3,472.2,529.9,595.8,670.7,757.3
U.S.,By Provider,Solar Installers and Contractors,Solar Installers and Contractors,320.9,325.2,363.3,407.7,460.9,522.9,594.0,676.0,770.4,878.8,1004.2,1148.8,1318.1
U.S.,By End User,Residential,Residential,488.7,494.3,551.1,617.3,696.8,789.6,896.0,1018.8,1160.3,1323.0,1511.3,1728.7,1983.5
U.S.,By End User,Commercial and Industrial,Commercial and Industrial,314.6,313.1,343.5,378.7,420.6,469.0,523.7,586.0,656.8,736.9,828.4,932.5,1052.9
U.S.,By End User,Utility-scale,Utility-scale,202.6,200.2,218.0,238.3,262.4,289.9,320.6,355.0,393.6,436.5,484.6,538.4,599.6
Canada,By Technology,Single-Phase Micro Inverters,Single-Phase Micro Inverters,91.5,89.4,96.2,103.9,113.1,123.6,135.1,148.0,162.3,178.1,195.8,215.4,237.5
Canada,By Technology,Three-Phase Micro Inverters,Three-Phase Micro Inverters,56.6,56.3,61.6,67.8,75.1,83.4,92.7,103.3,115.2,128.5,143.5,160.4,179.8
Canada,By Power Rating,Less than 250 W,Less than 250 W,68.0,66.8,72.2,78.5,85.9,94.3,103.7,114.2,126.0,139.0,153.6,169.9,188.4
Canada,By Power Rating,250 W - 500 W,250 W - 500 W,56.8,56.2,61.2,67.0,73.9,81.8,90.6,100.5,111.6,124.1,138.1,153.9,171.9
Canada,By Power Rating,More than 500 W,More than 500 W,23.3,22.7,24.3,26.2,28.4,30.9,33.6,36.6,39.9,43.6,47.6,52.0,57.0
Canada,By Provider,Direct Sales through OEM,Direct Sales through OEM,24.2,23.4,24.9,26.7,28.7,31.1,33.6,36.4,39.6,43.0,46.7,50.9,55.5
Canada,By Provider,Distributors and Wholesalers,Distributors and Wholesalers,43.6,43.0,46.7,50.9,55.9,61.7,68.1,75.3,83.3,92.3,102.4,113.7,126.6
Canada,By Provider,Retailers,Retailers,30.3,29.5,31.6,34.1,36.9,40.2,43.8,47.8,52.3,57.2,62.6,68.7,75.5
Canada,By Provider,Solar Installers and Contractors,Solar Installers and Contractors,50.0,49.8,54.6,60.1,66.6,74.0,82.3,91.7,102.3,114.2,127.5,142.6,159.7
Canada,By End User,Residential,Residential,80.0,79.2,86.3,94.6,104.3,115.5,128.1,142.2,158.0,175.8,195.9,218.4,244.1
Canada,By End User,Commercial and Industrial,Commercial and Industrial,42.6,41.8,45.2,49.1,53.7,58.9,64.7,71.2,78.5,86.5,95.6,105.6,117.0
Canada,By End User,Utility-scale,Utility-scale,25.6,24.7,26.3,28.0,30.2,32.5,35.1,37.9,41.0,44.3,47.9,51.8,56.2
Europe,By Technology,Single-Phase Micro Inverters,Single-Phase Micro Inverters,518.5,509.9,552.7,602.0,660.7,728.0,803.2,888.1,983.5,1090.4,1211.2,1347.1,1503.0
Europe,By Technology,Three-Phase Micro Inverters,Three-Phase Micro Inverters,283.3,283.8,313.2,347.3,387.9,434.9,488.2,549.0,618.3,697.0,787.0,889.7,1008.8
Europe,By Power Rating,Less than 250 W,Less than 250 W,372.0,367.8,400.9,439.1,484.6,536.9,595.7,662.3,737.5,822.2,918.4,1027.2,1152.4
Europe,By Power Rating,250 W - 500 W,250 W - 500 W,295.6,294.4,323.1,356.3,395.9,441.6,493.3,552.2,619.1,694.8,781.3,879.7,993.5
Europe,By Power Rating,More than 500 W,More than 500 W,134.2,131.5,141.9,153.9,168.2,184.4,202.4,222.7,245.2,270.3,298.5,330.0,365.8
Europe,By Provider,Direct Sales through OEM,Direct Sales through OEM,138.0,134.7,144.9,156.6,170.6,186.5,204.2,224.1,246.3,271.1,298.8,329.9,365.4
Europe,By Provider,Distributors and Wholesalers,Distributors and Wholesalers,228.5,226.4,247.4,271.6,300.4,333.5,370.8,413.1,461.0,515.0,576.4,645.9,726.1
Europe,By Provider,Retailers,Retailers,172.3,169.2,183.2,199.2,218.3,240.2,264.6,292.1,323.0,357.7,396.7,440.6,490.9
Europe,By Provider,Solar Installers and Contractors,Solar Installers and Contractors,263.0,263.3,290.5,322.0,359.4,402.7,451.8,507.7,571.4,643.7,726.3,820.4,929.4
Europe,By End User,Residential,Residential,410.6,409.9,451.1,498.7,555.6,621.4,696.0,781.2,878.1,988.3,1114.3,1258.1,1424.9
Europe,By End User,Commercial and Industrial,Commercial and Industrial,241.0,237.3,257.6,281.0,308.8,340.7,376.4,416.8,462.2,513.2,570.9,635.9,710.5
Europe,By End User,Utility-scale,Utility-scale,150.2,146.4,157.3,169.6,184.3,200.8,219.0,239.2,261.4,285.9,313.0,342.9,376.4
Global,By Region,Europe,U.K.,122.5,121.9,133.7,147.3,163.5,182.2,203.4,227.4,254.8,285.7,321.0,361.1,407.5
Global,By Region,Europe,Germany,272.9,272.1,299.1,330.2,367.5,410.5,459.2,514.7,577.9,649.5,731.4,824.8,932.9
Global,By Region,Europe,Italy,137.6,136.2,148.5,162.8,179.8,199.4,221.4,246.3,274.4,306.2,342.2,383.0,430.0
Global,By Region,Europe,France,70.7,69.3,74.9,81.3,89.0,97.7,107.4,118.4,130.7,144.4,159.9,177.3,197.1
Global,By Region,Europe,Spain,89.6,88.0,95.2,103.6,113.6,125.0,137.8,152.2,168.3,186.4,206.8,229.7,256.0
Global,By Region,Europe,Russia,16.7,16.4,17.7,19.1,20.9,22.9,25.1,27.6,30.4,33.6,37.1,41.0,45.5
Global,By Region,Europe,Rest of Europe,91.7,89.8,96.8,104.9,114.4,125.2,137.2,150.5,165.3,181.6,199.8,219.9,242.7
U.K.,By Technology,Single-Phase Micro Inverters,Single-Phase Micro Inverters,79.4,78.4,85.4,93.5,103.1,114.1,126.5,140.5,156.3,174.1,194.3,217.1,243.3
U.K.,By Technology,Three-Phase Micro Inverters,Three-Phase Micro Inverters,43.1,43.4,48.2,53.8,60.4,68.1,76.9,86.9,98.5,111.6,126.7,144.0,164.2
U.K.,By Power Rating,Less than 250 W,Less than 250 W,56.9,56.5,61.9,68.1,75.5,84.0,93.6,104.5,116.9,130.9,146.9,165.0,186.0
U.K.,By Power Rating,250 W - 500 W,250 W - 500 W,45.1,45.1,49.8,55.2,61.6,69.1,77.6,87.3,98.4,111.0,125.4,141.9,161.2
U.K.,By Power Rating,More than 500 W,More than 500 W,20.6,20.3,22.0,24.0,26.4,29.1,32.2,35.6,39.5,43.8,48.7,54.1,60.4
U.K.,By Provider,Direct Sales through OEM,Direct Sales through OEM,21.1,20.7,22.3,24.1,26.3,28.8,31.6,34.8,38.3,42.2,46.6,51.6,57.2
U.K.,By Provider,Distributors and Wholesalers,Distributors and Wholesalers,34.9,34.8,38.2,42.2,47.0,52.5,58.7,65.9,73.9,83.1,93.6,105.6,119.5
U.K.,By Provider,Retailers,Retailers,26.4,26.0,28.2,30.8,33.8,37.3,41.2,45.6,50.5,56.1,62.4,69.5,77.6
U.K.,By Provider,Solar Installers and Contractors,Solar Installers and Contractors,40.1,40.5,45.0,50.2,56.4,63.6,71.8,81.2,91.9,104.2,118.3,134.4,153.2
U.K.,By End User,Residential,Residential,62.6,62.7,69.2,76.7,85.8,96.2,108.1,121.7,137.3,155.0,175.3,198.5,225.5
U.K.,By End User,Commercial and Industrial,Commercial and Industrial,36.9,36.6,40.1,44.1,48.8,54.3,60.5,67.5,75.4,84.4,94.7,106.3,119.7
U.K.,By End User,Utility-scale,Utility-scale,23.0,22.6,24.4,26.4,28.9,31.7,34.8,38.2,42.0,46.3,51.0,56.3,62.3
Germany,By Technology,Single-Phase Micro Inverters,Single-Phase Micro Inverters,181.6,179.9,196.6,215.8,238.6,265.0,294.6,328.3,366.4,409.3,458.2,513.5,577.4
Germany,By Technology,Three-Phase Micro Inverters,Three-Phase Micro Inverters,91.4,92.2,102.5,114.5,128.8,145.5,164.5,186.4,211.5,240.2,273.3,311.2,355.5
Germany,By Power Rating,Less than 250 W,Less than 250 W,127.5,127.1,139.7,154.3,171.7,191.8,214.6,240.5,270.1,303.6,341.9,385.6,436.2
Germany,By Power Rating,250 W - 500 W,250 W - 500 W,98.0,98.2,108.4,120.3,134.4,150.9,169.5,190.9,215.3,243.2,275.1,311.6,354.1
Germany,By Power Rating,More than 500 W,More than 500 W,47.4,46.8,50.9,55.7,61.3,67.8,75.1,83.2,92.4,102.8,114.4,127.6,142.6
Germany,By Provider,Direct Sales through OEM,Direct Sales through OEM,48.5,47.8,51.9,56.7,62.4,68.9,76.1,84.4,93.7,104.1,115.9,129.2,144.4
Germany,By Provider,Distributors and Wholesalers,Distributors and Wholesalers,76.1,75.8,83.2,91.8,102.0,113.8,127.1,142.4,159.6,179.2,201.6,227.0,256.5
Germany,By Provider,Retailers,Retailers,60.5,59.9,65.4,71.8,79.4,88.1,98.0,109.1,121.7,136.0,152.2,170.5,191.6
Germany,By Provider,Solar Installers and Contractors,Solar Installers and Contractors,87.8,88.6,98.5,110.0,123.7,139.7,157.9,178.8,202.8,230.3,261.9,298.1,340.4
Germany,By End User,Residential,Residential,134.9,135.8,150.7,168.0,188.7,212.9,240.4,272.1,308.5,350.1,398.1,453.3,517.7
Germany,By End User,Commercial and Industrial,Commercial and Industrial,84.3,83.5,91.2,100.1,110.6,122.8,136.5,152.0,169.6,189.4,211.9,237.4,266.8
Germany,By End User,Utility-scale,Utility-scale,53.7,52.8,57.2,62.2,68.1,74.8,82.3,90.6,99.8,110.0,121.5,134.1,148.5
Italy,By Technology,Single-Phase Micro Inverters,Single-Phase Micro Inverters,89.8,88.2,95.6,104.1,114.1,125.7,138.6,153.2,169.5,187.8,208.5,231.8,258.4
Italy,By Technology,Three-Phase Micro Inverters,Three-Phase Micro Inverters,47.8,48.0,53.0,58.8,65.7,73.7,82.8,93.1,104.9,118.4,133.7,151.2,171.6
Italy,By Power Rating,Less than 250 W,Less than 250 W,64.0,63.2,68.9,75.4,83.1,92.0,102.0,113.4,126.1,140.5,156.9,175.3,196.6
Italy,By Power Rating,250 W - 500 W,250 W - 500 W,50.3,50.1,55.0,60.6,67.4,75.1,83.9,93.9,105.3,118.2,132.9,149.7,169.0
Italy,By Power Rating,More than 500 W,More than 500 W,23.3,22.8,24.7,26.8,29.3,32.2,35.4,39.0,43.0,47.4,52.4,58.1,64.4
Italy,By Provider,Direct Sales through OEM,Direct Sales through OEM,23.9,23.3,24.9,26.9,29.2,31.8,34.7,38.0,41.6,45.6,50.1,55.1,60.8
Italy,By Provider,Distributors and Wholesalers,Distributors and Wholesalers,39.0,38.6,42.3,46.4,51.4,57.2,63.6,71.0,79.3,88.7,99.3,111.5,125.5
Italy,By Provider,Retailers,Retailers,29.9,29.2,31.6,34.3,37.4,41.1,45.2,49.7,54.8,60.6,67.0,74.2,82.5
Italy,By Provider,Solar Installers and Contractors,Solar Installers and Contractors,44.9,45.0,49.8,55.2,61.8,69.3,77.9,87.6,98.7,111.4,125.8,142.2,161.2
Italy,By End User,Residential,Residential,69.7,69.5,76.3,84.2,93.6,104.4,116.7,130.7,146.7,164.7,185.4,208.9,236.0
Italy,By End User,Commercial and Industrial,Commercial and Industrial,41.7,41.2,44.8,49.0,54.0,59.8,66.2,73.6,81.8,91.1,101.6,113.4,127.1
Italy,By End User,Utility-scale,Utility-scale,26.2,25.5,27.4,29.6,32.2,35.1,38.4,42.0,46.0,50.4,55.3,60.7,66.9
France,By Technology,Single-Phase Micro Inverters,Single-Phase Micro Inverters,44.0,42.8,45.9,49.4,53.7,58.5,63.8,69.8,76.5,83.9,92.2,101.4,111.9
France,By Technology,Three-Phase Micro Inverters,Three-Phase Micro Inverters,26.7,26.5,29.0,31.9,35.3,39.2,43.6,48.6,54.2,60.5,67.7,75.9,85.2
France,By Power Rating,Less than 250 W,Less than 250 W,32.5,31.8,34.3,37.2,40.6,44.4,48.8,53.6,59.1,65.2,72.0,79.6,88.4
France,By Power Rating,250 W - 500 W,250 W - 500 W,27.0,26.7,29.1,31.8,35.1,38.9,43.2,48.0,53.5,59.6,66.6,74.5,83.6
France,By Power Rating,More than 500 W,More than 500 W,11.2,10.9,11.5,12.3,13.3,14.3,15.5,16.7,18.1,19.6,21.3,23.1,25.2
France,By Provider,Direct Sales through OEM,Direct Sales through OEM,11.7,11.3,12.0,12.9,13.9,15.1,16.4,17.8,19.4,21.2,23.1,25.3,27.8
France,By Provider,Distributors and Wholesalers,Distributors and Wholesalers,20.7,20.4,22.1,24.1,26.4,29.1,32.1,35.5,39.3,43.6,48.5,53.9,60.1
France,By Provider,Retailers,Retailers,14.6,14.2,15.2,16.4,17.8,19.5,21.3,23.3,25.5,28.0,30.8,33.9,37.5
France,By Provider,Solar Installers and Contractors,Solar Installers and Contractors,23.8,23.5,25.6,27.9,30.8,34.0,37.7,41.8,46.4,51.6,57.5,64.1,71.7
France,By End User,Residential,Residential,37.9,37.6,41.1,45.2,50.0,55.6,61.8,69.0,77.0,86.1,96.5,108.3,121.9
France,By End User,Commercial and Industrial,Commercial and Industrial,20.5,19.9,21.2,22.8,24.6,26.8,29.1,31.7,34.6,37.9,41.4,45.4,50.0
France,By End User,Utility-scale,Utility-scale,12.4,11.9,12.6,13.4,14.3,15.4,16.5,17.7,19.0,20.4,21.9,23.5,25.3
Spain,By Technology,Single-Phase Micro Inverters,Single-Phase Micro Inverters,56.1,54.7,58.8,63.4,69.0,75.4,82.4,90.4,99.2,109.0,120.0,132.3,146.3
Spain,By Technology,Three-Phase Micro Inverters,Three-Phase Micro Inverters,33.5,33.3,36.5,40.2,44.6,49.6,55.3,61.8,69.1,77.4,86.8,97.4,109.7
Spain,By Power Rating,Less than 250 W,Less than 250 W,41.2,40.4,43.7,47.4,51.9,57.0,62.6,69.0,76.2,84.2,93.2,103.4,114.9
Spain,By Power Rating,250 W - 500 W,250 W - 500 W,33.9,33.6,36.7,40.3,44.6,49.5,55.1,61.4,68.5,76.5,85.6,96.0,107.9
Spain,By Power Rating,More than 500 W,More than 500 W,14.4,13.9,14.8,15.9,17.1,18.5,20.1,21.7,23.6,25.7,27.9,30.4,33.1
Spain,By Provider,Direct Sales through OEM,Direct Sales through OEM,14.9,14.4,15.4,16.5,17.9,19.4,21.2,23.1,25.2,27.5,30.1,33.0,36.3
Spain,By Provider,Distributors and Wholesalers,Distributors and Wholesalers,26.1,25.7,28.0,30.5,33.6,37.1,41.0,45.4,50.4,56.0,62.4,69.5,77.7
Spain,By Provider,Retailers,Retailers,18.6,18.1,19.5,21.1,23.0,25.1,27.5,30.1,33.1,36.4,40.1,44.3,49.0
Spain,By Provider,Solar Installers and Contractors,Solar Installers and Contractors,30.0,29.7,32.4,35.5,39.2,43.4,48.2,53.5,59.6,66.4,74.1,82.9,92.9
Spain,By End User,Residential,Residential,47.6,47.3,51.9,57.1,63.3,70.5,78.7,87.9,98.4,110.3,123.8,139.2,157.0
Spain,By End User,Commercial and Industrial,Commercial and Industrial,26.1,25.4,27.2,29.2,31.7,34.5,37.6,41.0,44.9,49.2,54.0,59.3,65.3
Spain,By End User,Utility-scale,Utility-scale,15.8,15.3,16.2,17.3,18.6,20.0,21.5,23.2,25.0,26.9,29.0,31.2,33.6
Russia,By Technology,Single-Phase Micro Inverters,Single-Phase Micro Inverters,9.8,9.6,10.2,11.0,11.9,13.0,14.2,15.5,16.9,18.6,20.4,22.4,24.7
Russia,By Technology,Three-Phase Micro Inverters,Three-Phase Micro Inverters,6.9,6.8,7.4,8.1,8.9,9.9,11.0,12.2,13.5,15.0,16.7,18.7,20.9
Russia,By Power Rating,Less than 250 W,Less than 250 W,7.6,7.4,8.0,8.7,9.4,10.3,11.3,12.4,13.7,15.0,16.6,18.3,20.3
Russia,By Power Rating,250 W - 500 W,250 W - 500 W,6.7,6.6,7.1,7.8,8.5,9.4,10.4,11.5,12.7,14.1,15.7,17.5,19.5
Russia,By Power Rating,More than 500 W,More than 500 W,2.5,2.4,2.5,2.7,2.9,3.2,3.4,3.7,4.0,4.4,4.8,5.2,5.7
Russia,By Provider,Direct Sales through OEM,Direct Sales through OEM,2.6,2.5,2.6,2.8,3.0,3.2,3.5,3.8,4.1,4.4,4.8,5.3,5.7
Russia,By Provider,Distributors and Wholesalers,Distributors and Wholesalers,5.1,5.0,5.4,5.9,6.4,7.1,7.8,8.6,9.4,10.4,11.6,12.8,14.3
Russia,By Provider,Retailers,Retailers,3.2,3.1,3.4,3.6,3.9,4.2,4.6,5.0,5.4,5.9,6.5,7.1,7.8
Russia,By Provider,Solar Installers and Contractors,Solar Installers and Contractors,5.8,5.8,6.3,6.9,7.6,8.4,9.3,10.3,11.5,12.8,14.2,15.9,17.7
Russia,By End User,Residential,Residential,9.5,9.4,10.2,11.1,12.2,13.5,14.9,16.5,18.3,20.3,22.6,25.1,28.1
Russia,By End User,Commercial and Industrial,Commercial and Industrial,4.6,4.5,4.8,5.2,5.7,6.2,6.8,7.5,8.2,9.0,10.0,11.0,12.2
Russia,By End User,Utility-scale,Utility-scale,2.6,2.5,2.7,2.8,3.0,3.2,3.4,3.7,4.0,4.3,4.6,4.9,5.3
Rest of Europe,By Technology,Single-Phase Micro Inverters,Single-Phase Micro Inverters,57.9,56.2,60.3,64.8,70.2,76.3,83.0,90.5,98.7,107.7,117.7,128.7,141.0
Rest of Europe,By Technology,Three-Phase Micro Inverters,Three-Phase Micro Inverters,33.9,33.5,36.6,40.1,44.2,48.9,54.1,60.0,66.6,73.9,82.1,91.2,101.6
Rest of Europe,By Power Rating,Less than 250 W,Less than 250 W,42.3,41.4,44.5,48.2,52.5,57.3,62.7,68.7,75.4,82.7,90.8,99.9,110.0
Rest of Europe,By Power Rating,250 W - 500 W,250 W - 500 W,34.6,34.0,36.9,40.2,44.2,48.6,53.6,59.1,65.3,72.2,79.9,88.5,98.3
Rest of Europe,By Power Rating,More than 500 W,More than 500 W,14.9,14.4,15.4,16.5,17.8,19.2,20.9,22.6,24.6,26.7,29.0,31.5,34.4
Rest of Europe,By Provider,Direct Sales through OEM,Direct Sales through OEM,15.4,14.8,15.7,16.7,17.9,19.2,20.7,22.3,24.1,26.0,28.2,30.5,33.1
Rest of Europe,By Provider,Distributors and Wholesalers,Distributors and Wholesalers,26.6,26.1,28.2,30.7,33.5,36.8,40.4,44.4,48.9,53.9,59.4,65.6,72.5
Rest of Europe,By Provider,Retailers,Retailers,19.2,18.6,19.8,21.3,23.0,24.9,27.0,29.3,31.8,34.6,37.7,41.1,44.9
Rest of Europe,By Provider,Solar Installers and Contractors,Solar Installers and Contractors,30.6,30.3,33.1,36.3,40.0,44.3,49.1,54.4,60.4,67.0,74.5,82.8,92.2
Rest of Europe,By End User,Residential,Residential,48.4,47.7,51.8,56.4,62.0,68.3,75.3,83.2,91.9,101.7,112.6,124.8,138.7
Rest of Europe,By End User,Commercial and Industrial,Commercial and Industrial,26.9,26.3,28.3,30.6,33.3,36.4,39.7,43.5,47.7,52.3,57.4,63.0,69.4
Rest of Europe,By End User,Utility-scale,Utility-scale,16.4,15.8,16.8,17.9,19.1,20.6,22.1,23.8,25.6,27.6,29.7,32.0,34.6
Asia Pacific,By Technology,Single-Phase Micro Inverters,Single-Phase Micro Inverters,1001.8,999.9,1100.1,1216.1,1354.6,1514.8,1696.4,1903.7,2139.7,2407.8,2714.6,3064.6,3470.4
Asia Pacific,By Technology,Three-Phase Micro Inverters,Three-Phase Micro Inverters,499.7,508.0,569.2,640.7,726.4,826.6,941.8,1075.1,1228.8,1406.0,1611.3,1848.8,2127.4
Asia Pacific,By Power Rating,Less than 250 W,Less than 250 W,701.7,704.5,779.7,866.9,971.4,1092.6,1230.7,1389.2,1570.6,1777.8,2016.0,2289.3,2607.6
Asia Pacific,By Power Rating,250 W - 500 W,250 W - 500 W,537.9,543.0,604.3,675.7,761.2,861.0,975.1,1106.7,1258.0,1431.6,1632.2,1863.3,2133.7
Asia Pacific,By Power Rating,More than 500 W,More than 500 W,261.9,260.4,285.4,314.2,348.4,387.9,432.3,482.8,540.0,604.4,677.7,760.8,856.5
Asia Pacific,By Provider,Direct Sales through OEM,Direct Sales through OEM,267.6,265.5,290.5,319.3,353.6,393.2,437.8,488.5,545.9,610.8,684.8,768.7,865.6
Asia Pacific,By Provider,Distributors and Wholesalers,Distributors and Wholesalers,417.8,419.5,464.3,516.2,578.4,650.6,732.7,827.0,934.9,1058.0,1199.5,1361.7,1550.7
Asia Pacific,By Provider,Retailers,Retailers,333.8,333.0,366.3,404.8,450.8,503.9,564.1,632.9,711.1,800.0,901.7,1017.6,1152.1
Asia Pacific,By Provider,Solar Installers and Contractors,Solar Installers and Contractors,482.3,489.8,548.3,616.5,698.3,793.8,903.6,1030.4,1176.7,1345.0,1540.0,1765.3,2029.4
Asia Pacific,By End User,Residential,Residential,739.2,749.5,837.7,940.8,1064.5,1209.3,1375.6,1568.1,1790.4,2046.5,2343.6,2687.4,3091.2
Asia Pacific,By End User,Commercial and Industrial,Commercial and Industrial,465.1,464.0,510.2,563.8,627.7,701.5,785.2,880.7,989.4,1112.8,1254.0,1414.9,1601.4
Asia Pacific,By End User,Utility-scale,Utility-scale,297.2,294.4,321.4,352.2,388.8,430.6,477.3,529.9,588.7,654.5,728.4,811.1,905.3
Global,By Region,Asia Pacific,China,785.9,795.5,887.8,995.3,1124.5,1275.3,1448.4,1648.5,1879.2,2144.5,2452.0,2807.2,3223.9
Global,By Region,Asia Pacific,India,190.2,190.1,209.4,231.8,258.5,289.5,324.5,364.7,410.3,462.3,521.8,589.8,668.7
Global,By Region,Asia Pacific,Japan,253.5,252.6,277.5,306.2,340.6,380.2,425.1,476.3,534.5,600.5,675.9,761.8,861.2
Global,By Region,Asia Pacific,South Korea,48.5,48.1,52.6,57.9,64.1,71.2,79.3,88.5,98.9,110.6,124.0,139.1,156.6
Global,By Region,Asia Pacific,ASEAN,79.9,79.0,86.1,94.3,104.1,115.4,128.0,142.4,158.5,176.8,197.5,220.9,247.8
Global,By Region,Asia Pacific,Australia,108.0,106.5,115.9,126.7,139.5,154.2,170.7,189.4,210.5,234.1,261.0,291.2,326.0
Global,By Region,Asia Pacific,Rest of Asia Pacific,35.6,36.0,40.0,44.5,49.7,55.6,62.0,69.0,76.7,84.9,93.8,103.4,113.6
China,By Technology,Single-Phase Micro Inverters,Single-Phase Micro Inverters,533.0,536.3,594.9,663.0,744.5,839.3,947.5,1071.9,1214.5,1377.7,1565.8,1781.9,2034.1
China,By Technology,Three-Phase Micro Inverters,Three-Phase Micro Inverters,252.9,259.2,292.9,332.4,380.0,436.0,500.9,576.6,664.6,766.8,886.2,1025.3,1189.8
China,By Power Rating,Less than 250 W,Less than 250 W,368.7,373.3,416.6,467.2,527.8,598.7,680.0,774.0,882.4,1007.1,1151.6,1318.6,1514.5
China,By Power Rating,250 W - 500 W,250 W - 500 W,277.1,281.8,315.9,355.8,403.8,460.1,525.0,600.2,687.4,788.1,905.2,1041.1,1201.1
China,By Power Rating,More than 500 W,More than 500 W,140.0,140.4,155.2,172.4,192.8,216.5,243.4,274.2,309.4,349.4,395.2,447.5,508.3
China,By Provider,Direct Sales through OEM,Direct Sales through OEM,142.6,142.7,157.5,174.5,194.9,218.6,245.4,276.1,311.2,351.1,396.8,449.1,509.9
China,By Provider,Distributors and Wholesalers,Distributors and Wholesalers,215.9,218.3,243.3,272.4,307.4,348.2,395.0,449.1,511.3,582.8,665.5,761.0,872.9
China,By Provider,Retailers,Retailers,177.8,178.9,198.3,221.0,248.1,279.6,315.5,356.8,404.2,458.4,520.8,592.5,676.1
China,By Provider,Solar Installers and Contractors,Solar Installers and Contractors,249.6,255.7,288.7,327.4,374.1,428.9,492.5,566.5,652.5,752.3,868.8,1004.6,1164.9
China,By End User,Residential,Residential,378.6,386.9,436.0,493.5,563.0,644.7,739.3,849.6,977.9,1126.8,1300.8,1503.7,1743.7
China,By End User,Commercial and Industrial,Commercial and Industrial,247.3,248.8,275.8,307.3,344.9,388.7,438.6,496.0,561.8,637.0,723.7,823.2,939.3
China,By End User,Utility-scale,Utility-scale,160.0,159.9,176.0,194.5,216.6,242.0,270.5,302.9,339.5,380.8,427.5,480.3,540.9
India,By Technology,Single-Phase Micro Inverters,Single-Phase Micro Inverters,125.7,124.7,136.3,149.7,165.7,184.2,204.9,228.5,255.2,285.3,319.6,358.4,403.3
India,By Technology,Three-Phase Micro Inverters,Three-Phase Micro Inverters,64.5,65.4,73.1,82.1,92.8,105.3,119.6,136.2,155.2,177.0,202.3,231.4,265.4
India,By Power Rating,Less than 250 W,Less than 250 W,88.7,88.5,97.2,107.4,119.5,133.6,149.4,167.5,188.2,211.5,238.3,268.7,304.0
India,By Power Rating,250 W - 500 W,250 W - 500 W,68.8,69.3,77.0,86.0,96.8,109.4,123.7,140.2,159.2,181.0,206.1,235.0,268.8
India,By Power Rating,More than 500 W,More than 500 W,32.8,32.3,35.1,38.4,42.2,46.5,51.4,56.9,63.0,69.8,77.5,86.1,95.9
India,By Provider,Direct Sales through OEM,Direct Sales through OEM,33.5,33.1,36.0,39.3,43.3,47.8,52.9,58.7,65.2,72.5,80.7,90.1,100.8
India,By Provider,Distributors and Wholesalers,Distributors and Wholesalers,53.3,53.5,59.1,65.6,73.5,82.5,92.8,104.7,118.2,133.6,151.3,171.6,195.2
India,By Provider,Retailers,Retailers,41.9,41.6,45.5,50.0,55.4,61.6,68.6,76.5,85.6,95.8,107.4,120.5,135.7
India,By Provider,Solar Installers and Contractors,Solar Installers and Contractors,61.5,62.0,68.9,76.9,86.4,97.5,110.2,124.7,141.4,160.5,182.4,207.6,236.9
India,By End User,Residential,Residential,94.8,95.9,106.9,119.7,135.1,153.1,173.7,197.5,225.0,256.5,293.0,335.1,384.5
India,By End User,Commercial and Industrial,Commercial and Industrial,58.4,57.7,62.9,68.8,75.9,84.1,93.2,103.6,115.3,128.5,143.4,160.3,179.7
India,By End User,Utility-scale,Utility-scale,37.0,36.5,39.7,43.2,47.5,52.3,57.6,63.5,70.1,77.4,85.4,94.4,104.4
Japan,By Technology,Single-Phase Micro Inverters,Single-Phase Micro Inverters,169.7,168.1,183.6,201.4,222.6,247.1,274.6,305.8,341.1,380.9,426.1,477.4,536.5
Japan,By Technology,Three-Phase Micro Inverters,Three-Phase Micro Inverters,83.8,84.5,93.9,104.9,118.0,133.2,150.6,170.6,193.4,219.6,249.8,284.4,324.8
Japan,By Power Rating,Less than 250 W,Less than 250 W,118.6,118.2,129.8,143.3,159.4,177.9,199.0,223.0,250.2,281.1,316.5,356.7,403.3
Japan,By Power Rating,250 W - 500 W,250 W - 500 W,90.5,90.6,100.0,110.8,123.8,138.9,156.0,175.6,198.0,223.4,252.6,286.0,324.9
Japan,By Power Rating,More than 500 W,More than 500 W,44.4,43.8,47.7,52.1,57.4,63.4,70.1,77.8,86.3,95.9,106.8,119.0,133.0
Japan,By Provider,Direct Sales through OEM,Direct Sales through OEM,45.3,44.7,48.5,52.9,58.2,64.2,71.0,78.7,87.3,96.9,107.8,120.2,134.3
Japan,By Provider,Distributors and Wholesalers,Distributors and Wholesalers,70.3,70.0,76.8,84.7,94.1,104.9,117.1,131.1,146.9,164.9,185.3,208.6,235.6
Japan,By Provider,Retailers,Retailers,56.6,56.0,61.1,67.1,74.1,82.2,91.3,101.7,113.4,126.6,141.6,158.6,178.1
Japan,By Provider,Solar Installers and Contractors,Solar Installers and Contractors,81.2,81.9,91.0,101.6,114.2,128.9,145.7,164.9,186.9,212.1,241.1,274.4,313.2
Japan,By End User,Residential,Residential,124.2,125.0,138.6,154.5,173.5,195.5,220.7,249.7,283.0,321.0,364.8,415.1,473.8
Japan,By End User,Commercial and Industrial,Commercial and Industrial,78.8,78.0,85.1,93.4,103.2,114.5,127.2,141.5,157.8,176.2,197.0,220.6,247.8
Japan,By End User,Utility-scale,Utility-scale,50.5,49.6,53.7,58.4,63.9,70.2,77.2,85.1,93.7,103.4,114.1,126.0,139.5
South Korea,By Technology,Single-Phase Micro Inverters,Single-Phase Micro Inverters,29.8,29.3,31.8,34.7,38.1,42.1,46.5,51.5,57.1,63.3,70.5,78.5,87.7
South Korea,By Technology,Three-Phase Micro Inverters,Three-Phase Micro Inverters,18.7,18.8,20.8,23.2,26.0,29.2,32.8,37.0,41.8,47.3,53.5,60.6,68.9
South Korea,By Power Rating,Less than 250 W,Less than 250 W,22.2,22.0,24.0,26.3,29.1,32.3,35.9,40.0,44.6,49.7,55.6,62.3,70.0
South Korea,By Power Rating,250 W - 500 W,250 W - 500 W,18.7,18.7,20.7,22.9,25.6,28.7,32.3,36.3,40.9,46.2,52.2,59.1,67.2
South Korea,By Power Rating,More than 500 W,More than 500 W,7.6,7.4,8.0,8.6,9.4,10.2,11.2,12.2,13.4,14.7,16.1,17.7,19.5
South Korea,By Provider,Direct Sales through OEM,Direct Sales through OEM,7.9,7.7,8.3,9.0,9.9,10.8,11.9,13.1,14.4,15.9,17.6,19.5,21.7
South Korea,By Provider,Distributors and Wholesalers,Distributors and Wholesalers,14.3,14.3,15.7,17.3,19.2,21.4,23.9,26.8,30.0,33.7,37.9,42.7,48.2
South Korea,By Provider,Retailers,Retailers,9.8,9.7,10.5,11.5,12.7,14.0,15.5,17.1,19.0,21.1,23.5,26.2,29.3
South Korea,By Provider,Solar Installers and Contractors,Solar Installers and Contractors,16.4,16.4,18.1,20.0,22.3,25.0,28.0,31.5,35.4,39.8,44.9,50.6,57.3
South Korea,By End User,Residential,Residential,26.4,26.5,29.3,32.6,36.6,41.1,46.4,52.3,59.2,67.0,76.0,86.3,98.3
South Korea,By End User,Commercial and Industrial,Commercial and Industrial,13.9,13.6,14.7,16.0,17.5,19.3,21.2,23.4,25.9,28.6,31.7,35.2,39.2
South Korea,By End User,Utility-scale,Utility-scale,8.3,8.0,8.6,9.2,10.0,10.8,11.8,12.8,13.8,15.0,16.3,17.6,19.1
ASEAN,By Technology,Single-Phase Micro Inverters,Single-Phase Micro Inverters,51.1,50.2,54.3,59.1,64.8,71.3,78.6,86.8,96.0,106.3,117.9,131.0,146.0
ASEAN,By Technology,Three-Phase Micro Inverters,Three-Phase Micro Inverters,28.8,28.8,31.8,35.2,39.3,44.1,49.5,55.6,62.6,70.5,79.5,89.9,101.8
ASEAN,By Power Rating,Less than 250 W,Less than 250 W,37.0,36.5,39.7,43.5,47.9,53.0,58.7,65.2,72.5,80.8,90.1,100.6,112.7
ASEAN,By Power Rating,250 W - 500 W,250 W - 500 W,29.8,29.6,32.5,35.8,39.7,44.3,49.4,55.3,61.9,69.5,78.1,87.9,99.2
ASEAN,By Power Rating,More than 500 W,More than 500 W,13.2,12.9,13.9,15.1,16.5,18.1,19.9,21.9,24.1,26.5,29.3,32.4,35.9
ASEAN,By Provider,Direct Sales through OEM,Direct Sales through OEM,13.6,13.2,14.1,15.2,16.5,18.0,19.6,21.5,23.5,25.7,28.3,31.1,34.3
ASEAN,By Provider,Distributors and Wholesalers,Distributors and Wholesalers,23.0,22.8,24.9,27.3,30.2,33.6,37.3,41.6,46.5,51.9,58.2,65.2,73.4
ASEAN,By Provider,Retailers,Retailers,17.0,16.6,17.9,19.4,21.2,23.3,25.6,28.1,31.0,34.2,37.8,41.9,46.5
ASEAN,By Provider,Solar Installers and Contractors,Solar Installers and Contractors,26.4,26.4,29.2,32.4,36.2,40.5,45.5,51.2,57.6,64.9,73.2,82.7,93.6
ASEAN,By End User,Residential,Residential,41.5,41.3,45.3,50.0,55.5,61.9,69.2,77.4,86.8,97.4,109.6,123.4,139.4
ASEAN,By End User,Commercial and Industrial,Commercial and Industrial,23.7,23.4,25.5,27.9,30.7,33.9,37.6,41.7,46.3,51.6,57.5,64.2,71.8
ASEAN,By End User,Utility-scale,Utility-scale,14.7,14.3,15.3,16.5,17.9,19.5,21.3,23.2,25.4,27.8,30.4,33.3,36.6
Australia,By Technology,Single-Phase Micro Inverters,Single-Phase Micro Inverters,70.9,69.5,75.2,81.7,89.4,98.3,108.1,119.2,131.7,145.6,161.3,179.0,199.2
Australia,By Technology,Three-Phase Micro Inverters,Three-Phase Micro Inverters,37.1,37.0,40.7,45.0,50.1,56.0,62.6,70.2,78.8,88.5,99.6,112.3,126.9
Australia,By Power Rating,Less than 250 W,Less than 250 W,50.3,49.6,54.0,59.0,65.0,71.8,79.5,88.2,98.1,109.1,121.6,135.7,152.0
Australia,By Power Rating,250 W - 500 W,250 W - 500 W,39.3,38.9,42.5,46.7,51.7,57.4,63.8,71.1,79.4,88.7,99.3,111.4,125.3
Australia,By Power Rating,More than 500 W,More than 500 W,18.4,18.0,19.4,21.0,22.9,25.0,27.4,30.0,33.0,36.3,40.0,44.1,48.8
Australia,By Provider,Direct Sales through OEM,Direct Sales through OEM,18.9,18.4,19.8,21.4,23.3,25.5,27.9,30.6,33.6,37.0,40.7,44.9,49.7
Australia,By Provider,Distributors and Wholesalers,Distributors and Wholesalers,30.4,30.0,32.6,35.6,39.1,43.2,47.8,52.9,58.7,65.3,72.6,81.0,90.5
Australia,By Provider,Retailers,Retailers,23.6,23.1,25.0,27.2,29.7,32.6,35.9,39.6,43.7,48.3,53.5,59.4,66.0
Australia,By Provider,Solar Installers and Contractors,Solar Installers and Contractors,35.1,35.0,38.5,42.5,47.3,52.9,59.2,66.3,74.4,83.6,94.1,106.0,119.7
Australia,By End User,Residential,Residential,54.2,54.1,59.4,65.5,72.8,81.3,90.9,101.8,114.3,128.3,144.4,162.7,184.0
Australia,By End User,Commercial and Industrial,Commercial and Industrial,32.9,32.3,34.9,37.9,41.5,45.5,50.1,55.2,61.0,67.4,74.6,82.8,92.1
Australia,By End User,Utility-scale,Utility-scale,20.8,20.2,21.6,23.2,25.2,27.3,29.7,32.3,35.2,38.4,41.9,45.7,50.0
Rest of Asia Pacific,By Technology,Single-Phase Micro Inverters,Single-Phase Micro Inverters,21.7,21.8,24.0,26.6,29.5,32.7,36.2,40.1,44.2,48.6,53.4,58.4,63.8
Rest of Asia Pacific,By Technology,Three-Phase Micro Inverters,Three-Phase Micro Inverters,13.9,14.2,16.0,18.0,20.3,22.9,25.7,28.9,32.4,36.3,40.5,45.0,49.9
Rest of Asia Pacific,By Power Rating,Less than 250 W,Less than 250 W,16.3,16.5,18.3,20.3,22.6,25.3,28.1,31.3,34.7,38.4,42.3,46.6,51.1
Rest of Asia Pacific,By Power Rating,250 W - 500 W,250 W - 500 W,13.8,14.0,15.7,17.6,19.8,22.2,24.9,27.9,31.2,34.8,38.6,42.8,47.4
Rest of Asia Pacific,By Power Rating,More than 500 W,More than 500 W,5.5,5.5,6.0,6.7,7.3,8.1,8.9,9.8,10.8,11.8,12.9,14.0,15.1
Rest of Asia Pacific,By Provider,Direct Sales through OEM,Direct Sales through OEM,5.7,5.7,6.2,6.8,7.5,8.2,9.0,9.8,10.8,11.7,12.7,13.8,14.9
Rest of Asia Pacific,By Provider,Distributors and Wholesalers,Distributors and Wholesalers,10.6,10.7,12.0,13.3,14.9,16.7,18.7,20.9,23.2,25.8,28.6,31.6,34.8
Rest of Asia Pacific,By Provider,Retailers,Retailers,7.2,7.2,7.9,8.7,9.6,10.6,11.7,12.9,14.2,15.6,17.1,18.6,20.2
Rest of Asia Pacific,By Provider,Solar Installers and Contractors,Solar Installers and Contractors,12.1,12.4,13.9,15.7,17.7,20.0,22.5,25.4,28.4,31.8,35.5,39.4,43.7
Rest of Asia Pacific,By End User,Residential,Residential,19.5,19.9,22.2,24.9,28.0,31.5,35.4,39.6,44.3,49.4,55.0,61.0,67.5
Rest of Asia Pacific,By End User,Commercial and Industrial,Commercial and Industrial,10.1,10.2,11.3,12.6,14.0,15.6,17.4,19.3,21.4,23.6,26.1,28.7,31.4
Rest of Asia Pacific,By End User,Utility-scale,Utility-scale,6.0,5.9,6.5,7.1,7.7,8.5,9.2,10.1,10.9,11.8,12.8,13.7,14.7
Middle East & Africa,By Technology,Single-Phase Micro Inverters,Single-Phase Micro Inverters,77.9,76.2,81.9,88.0,95.0,102.5,110.3,118.5,126.8,135.1,143.4,151.5,159.3
Middle East & Africa,By Technology,Three-Phase Micro Inverters,Three-Phase Micro Inverters,44.5,44.4,48.5,53.1,58.3,64.0,70.1,76.5,83.2,90.2,97.3,104.4,111.6
Middle East & Africa,By Power Rating,Less than 250 W,Less than 250 W,56.6,55.7,60.2,65.1,70.6,76.7,83.0,89.6,96.4,103.4,110.4,117.3,124.0
Middle East & Africa,By Power Rating,250 W - 500 W,250 W - 500 W,45.8,45.3,49.3,53.7,58.6,64.1,69.8,75.8,82.2,88.6,95.2,101.8,108.4
Middle East & Africa,By Power Rating,More than 500 W,More than 500 W,20.1,19.5,20.9,22.4,24.0,25.8,27.6,29.5,31.4,33.3,35.1,36.8,38.5
Middle East & Africa,By Provider,Direct Sales through OEM,Direct Sales through OEM,20.7,20.1,21.4,22.8,24.5,26.2,28.0,29.8,31.7,33.5,35.3,37.0,38.6
Middle East & Africa,By Provider,Distributors and Wholesalers,Distributors and Wholesalers,35.3,34.8,37.7,40.8,44.4,48.2,52.3,56.6,61.0,65.5,70.0,74.5,78.9
Middle East & Africa,By Provider,Retailers,Retailers,25.9,25.2,27.1,29.1,31.3,33.7,36.2,38.8,41.5,44.2,46.8,49.4,51.8
Middle East & Africa,By Provider,Solar Installers and Contractors,Solar Installers and Contractors,40.6,40.4,44.2,48.4,53.2,58.4,63.9,69.7,75.8,82.1,88.6,95.0,101.5
Middle East & Africa,By End User,Residential,Residential,63.9,63.4,69.1,75.4,82.6,90.4,98.8,107.6,116.8,126.3,136.1,145.9,155.7
Middle East & Africa,By End User,Commercial and Industrial,Commercial and Industrial,36.2,35.5,38.1,41.0,44.3,47.9,51.5,55.4,59.3,63.2,67.2,71.0,74.7
Middle East & Africa,By End User,Utility-scale,Utility-scale,22.3,21.7,23.1,24.7,26.4,28.2,30.1,32.0,33.9,35.7,37.5,39.1,40.5
Global,By Region,Middle East & Africa,GCC,52.9,52.5,57.2,62.3,68.3,74.7,81.5,88.8,96.4,104.2,112.1,120.1,128.1
Global,By Region,Middle East & Africa,South Africa,8.7,8.6,9.3,10.1,11.0,12.0,13.0,14.1,15.2,16.4,17.5,18.7,19.8
Global,By Region,Middle East & Africa,Rest of Middle East & Africa,60.8,59.5,63.9,68.7,74.0,79.8,85.8,92.1,98.4,104.7,111.0,117.1,122.9
GCC,By Technology,Single-Phase Micro Inverters,Single-Phase Micro Inverters,33.6,33.1,35.9,38.9,42.3,46.0,49.9,54.1,58.3,62.7,67.1,71.4,75.7
GCC,By Technology,Three-Phase Micro Inverters,Three-Phase Micro Inverters,19.3,19.3,21.3,23.5,25.9,28.7,31.6,34.7,38.0,41.5,45.1,48.7,52.4
GCC,By Power Rating,Less than 250 W,Less than 250 W,24.4,24.2,26.4,28.8,31.5,34.5,37.7,41.0,44.5,48.2,51.9,55.5,59.2
GCC,By Power Rating,250 W - 500 W,250 W - 500 W,19.8,19.7,21.6,23.7,26.0,28.6,31.4,34.3,37.5,40.7,44.0,47.3,50.7
GCC,By Power Rating,More than 500 W,More than 500 W,8.6,8.5,9.1,9.9,10.7,11.5,12.4,13.4,14.4,15.3,16.3,17.2,18.1
GCC,By Provider,Direct Sales through OEM,Direct Sales through OEM,8.9,8.7,9.4,10.2,11.0,11.9,12.8,13.8,14.8,15.8,16.9,17.9,18.8
GCC,By Provider,Distributors and Wholesalers,Distributors and Wholesalers,15.3,15.1,16.5,17.9,19.6,21.4,23.4,25.4,27.6,29.8,32.0,34.2,36.5
GCC,By Provider,Retailers,Retailers,11.1,11.0,11.9,12.9,14.0,15.3,16.5,17.9,19.3,20.7,22.2,23.6,25.0
GCC,By Provider,Solar Installers and Contractors,Solar Installers and Contractors,17.6,17.6,19.4,21.4,23.6,26.1,28.8,31.6,34.7,37.8,41.1,44.4,47.8
GCC,By End User,Residential,Residential,27.7,27.7,30.5,33.6,37.1,41.0,45.2,49.7,54.5,59.5,64.6,69.9,75.3
GCC,By End User,Commercial and Industrial,Commercial and Industrial,15.6,15.4,16.7,18.1,19.6,21.4,23.2,25.1,27.0,29.0,31.1,33.1,35.0
GCC,By End User,Utility-scale,Utility-scale,9.6,9.3,10.0,10.7,11.5,12.3,13.2,14.0,14.9,15.7,16.5,17.2,17.8
South Africa,By Technology,Single-Phase Micro Inverters,Single-Phase Micro Inverters,5.2,5.1,5.4,5.9,6.3,6.8,7.4,7.9,8.5,9.0,9.6,10.2,10.7
South Africa,By Technology,Three-Phase Micro Inverters,Three-Phase Micro Inverters,3.6,3.5,3.9,4.3,4.7,5.2,5.7,6.2,6.7,7.3,7.9,8.5,9.1
South Africa,By Power Rating,Less than 250 W,Less than 250 W,4.0,3.9,4.2,4.6,5.0,5.4,5.8,6.3,6.8,7.3,7.8,8.3,8.8
South Africa,By Power Rating,250 W - 500 W,250 W - 500 W,3.5,3.4,3.8,4.1,4.5,5.0,5.4,6.0,6.5,7.0,7.6,8.2,8.7
South Africa,By Power Rating,More than 500 W,More than 500 W,1.3,1.3,1.3,1.4,1.5,1.6,1.7,1.8,1.9,2.0,2.1,2.2,2.3
South Africa,By Provider,Direct Sales through OEM,Direct Sales through OEM,1.4,1.3,1.4,1.5,1.6,1.7,1.9,2.0,2.1,2.3,2.4,2.5,2.6
South Africa,By Provider,Distributors and Wholesalers,Distributors and Wholesalers,2.6,2.6,2.8,3.1,3.4,3.7,4.0,4.4,4.7,5.1,5.5,5.9,6.3
South Africa,By Provider,Retailers,Retailers,1.7,1.7,1.8,1.9,2.1,2.3,2.4,2.6,2.8,3.0,3.2,3.4,3.6
South Africa,By Provider,Solar Installers and Contractors,Solar Installers and Contractors,3.0,3.0,3.3,3.6,3.9,4.3,4.7,5.1,5.5,6.0,6.4,6.9,7.4
South Africa,By End User,Residential,Residential,4.9,4.9,5.4,5.9,6.5,7.1,7.8,8.5,9.3,10.1,10.9,11.8,12.6
South Africa,By End User,Commercial and Industrial,Commercial and Industrial,2.4,2.3,2.5,2.7,2.9,3.1,3.3,3.5,3.8,4.0,4.2,4.4,4.6
South Africa,By End User,Utility-scale,Utility-scale,1.4,1.4,1.4,1.6,1.7,1.8,1.9,2.0,2.2,2.3,2.4,2.5,2.6
Rest of Middle East & Africa,By Technology,Single-Phase Micro Inverters,Single-Phase Micro Inverters,39.2,38.0,40.6,43.3,46.4,49.7,53.0,56.5,60.0,63.4,66.8,69.9,72.9
Rest of Middle East & Africa,By Technology,Three-Phase Micro Inverters,Three-Phase Micro Inverters,21.7,21.5,23.3,25.4,27.7,30.2,32.8,35.6,38.4,41.3,44.3,47.2,50.0
Rest of Middle East & Africa,By Power Rating,Less than 250 W,Less than 250 W,28.2,27.5,29.5,31.7,34.1,36.7,39.4,42.2,45.1,47.9,50.7,53.4,56.0
Rest of Middle East & Africa,By Power Rating,250 W - 500 W,250 W - 500 W,22.5,22.2,23.9,25.9,28.1,30.5,32.9,35.5,38.2,40.9,43.6,46.3,48.9
Rest of Middle East & Africa,By Power Rating,More than 500 W,More than 500 W,10.1,9.8,10.4,11.1,11.8,12.6,13.5,14.3,15.1,15.9,16.7,17.4,18.0
Rest of Middle East & Africa,By Provider,Direct Sales through OEM,Direct Sales through OEM,10.4,10.0,10.6,11.2,11.8,12.5,13.3,14.0,14.7,15.4,16.0,16.6,17.1
Rest of Middle East & Africa,By Provider,Distributors and Wholesalers,Distributors and Wholesalers,17.4,17.1,18.4,19.8,21.4,23.1,24.9,26.8,28.7,30.6,32.6,34.4,36.2
Rest of Middle East & Africa,By Provider,Retailers,Retailers,13.0,12.6,13.4,14.2,15.2,16.2,17.3,18.3,19.4,20.4,21.4,22.4,23.2
Rest of Middle East & Africa,By Provider,Solar Installers and Contractors,Solar Installers and Contractors,20.0,19.8,21.6,23.5,25.6,28.0,30.4,33.0,35.6,38.3,41.0,43.7,46.3
Rest of Middle East & Africa,By End User,Residential,Residential,31.3,30.8,33.3,36.0,39.0,42.3,45.7,49.3,53.0,56.8,60.5,64.2,67.8
Rest of Middle East & Africa,By End User,Commercial and Industrial,Commercial and Industrial,18.2,17.7,19.0,20.3,21.8,23.4,25.1,26.8,28.5,30.2,31.9,33.5,35.0
Rest of Middle East & Africa,By End User,Utility-scale,Utility-scale,11.3,11.0,11.7,12.4,13.2,14.1,15.0,16.0,16.9,17.8,18.6,19.4,20.1
Latin America,By Technology,Single-Phase Micro Inverters,Single-Phase Micro Inverters,54.5,50.8,52.3,54.1,56.3,58.9,61.7,64.7,68.0,71.6,75.5,79.7,84.4
Latin America,By Technology,Three-Phase Micro Inverters,Three-Phase Micro Inverters,36.3,34.4,36.0,37.8,40.0,42.5,45.2,48.2,51.5,55.0,58.8,63.0,67.8
Latin America,By Power Rating,Less than 250 W,Less than 250 W,41.4,38.8,40.2,41.8,43.7,46.0,48.4,51.1,54.0,57.1,60.6,64.3,68.5
Latin America,By Power Rating,250 W - 500 W,250 W - 500 W,35.6,33.7,35.1,36.7,38.7,41.0,43.4,46.2,49.1,52.3,55.8,59.7,64.0
Latin America,By Power Rating,More than 500 W,More than 500 W,13.7,12.8,13.1,13.4,13.9,14.5,15.0,15.7,16.4,17.1,17.9,18.7,19.7
Latin America,By Provider,Direct Sales through OEM,Direct Sales through OEM,14.4,13.3,13.6,14.0,14.5,15.1,15.7,16.3,17.1,17.9,18.7,19.6,20.7
Latin America,By Provider,Distributors and Wholesalers,Distributors and Wholesalers,27.2,25.6,26.6,27.7,29.0,30.6,32.3,34.1,36.1,38.3,40.7,43.3,46.2
Latin America,By Provider,Retailers,Retailers,18.0,16.8,17.3,17.8,18.6,19.4,20.3,21.3,22.4,23.6,24.8,26.2,27.7
Latin America,By Provider,Solar Installers and Contractors,Solar Installers and Contractors,31.2,29.5,30.9,32.4,34.3,36.4,38.6,41.1,43.9,46.8,50.1,53.6,57.5
Latin America,By End User,Residential,Residential,50.5,47.9,50.0,52.5,55.5,58.9,62.6,66.7,71.2,76.1,81.4,87.3,93.8
Latin America,By End User,Commercial and Industrial,Commercial and Industrial,25.4,23.7,24.3,25.1,26.1,27.3,28.6,29.9,31.4,33.0,34.8,36.7,38.8
Latin America,By End User,Utility-scale,Utility-scale,14.8,13.7,14.0,14.3,14.7,15.2,15.7,16.3,16.9,17.5,18.1,18.7,19.5
Global,By Region,Latin America,Brazil,39.2,37.2,38.8,40.8,43.1,45.8,48.7,51.9,55.4,59.3,63.4,68.0,73.2
Global,By Region,Latin America,Argentina,6.5,6.0,6.2,6.4,6.6,6.9,7.2,7.6,7.9,8.3,8.7,9.2,9.7
Global,By Region,Latin America,Mexico,24.7,23.1,23.8,24.6,25.7,27.0,28.3,29.7,31.3,33.0,34.9,36.9,39.2
Global,By Region,Latin America,Rest of Latin America,20.4,19.0,19.5,20.1,20.9,21.8,22.7,23.7,24.8,26.0,27.2,28.6,30.1
Brazil,By Technology,Single-Phase Micro Inverters,Single-Phase Micro Inverters,23.7,22.3,23.2,24.2,25.5,26.9,28.4,30.1,32.0,33.9,36.1,38.5,41.2
Brazil,By Technology,Three-Phase Micro Inverters,Three-Phase Micro Inverters,15.5,14.8,15.6,16.6,17.7,18.9,20.3,21.8,23.5,25.3,27.3,29.5,32.0
Brazil,By Power Rating,Less than 250 W,Less than 250 W,17.9,17.0,17.7,18.6,19.7,20.9,22.3,23.7,25.3,27.1,29.0,31.1,33.5
Brazil,By Power Rating,250 W - 500 W,250 W - 500 W,15.3,14.6,15.3,16.1,17.1,18.3,19.5,20.9,22.4,24.1,25.9,27.9,30.2
Brazil,By Power Rating,More than 500 W,More than 500 W,6.0,5.6,5.8,6.0,6.3,6.6,6.9,7.3,7.7,8.1,8.5,9.0,9.5
Brazil,By Provider,Direct Sales through OEM,Direct Sales through OEM,6.3,5.9,6.1,6.3,6.6,6.9,7.3,7.7,8.1,8.5,9.0,9.6,10.2
Brazil,By Provider,Distributors and Wholesalers,Distributors and Wholesalers,11.7,11.1,11.6,12.1,12.8,13.6,14.4,15.4,16.4,17.5,18.7,20.0,21.5
Brazil,By Provider,Retailers,Retailers,7.8,7.4,7.7,8.0,8.4,8.9,9.4,9.9,10.5,11.2,11.9,12.7,13.6
Brazil,By Provider,Solar Installers and Contractors,Solar Installers and Contractors,13.4,12.8,13.5,14.4,15.3,16.4,17.6,19.0,20.4,22.0,23.8,25.7,27.9
Brazil,By End User,Residential,Residential,21.7,20.7,21.9,23.2,24.8,26.6,28.5,30.7,33.1,35.7,38.6,41.8,45.4
Brazil,By End User,Commercial and Industrial,Commercial and Industrial,11.0,10.4,10.8,11.3,11.8,12.5,13.2,14.0,14.8,15.8,16.8,17.9,19.1
Brazil,By End User,Utility-scale,Utility-scale,6.5,6.0,6.2,6.3,6.5,6.8,7.0,7.2,7.5,7.8,8.1,8.4,8.7
Argentina,By Technology,Single-Phase Micro Inverters,Single-Phase Micro Inverters,3.8,3.5,3.6,3.6,3.8,3.9,4.0,4.2,4.4,4.6,4.8,5.0,5.2
Argentina,By Technology,Three-Phase Micro Inverters,Three-Phase Micro Inverters,2.7,2.5,2.6,2.7,2.9,3.0,3.2,3.4,3.5,3.8,4.0,4.2,4.5
Argentina,By Power Rating,Less than 250 W,Less than 250 W,2.9,2.7,2.8,2.9,3.0,3.1,3.2,3.4,3.5,3.7,3.9,4.1,4.3
Argentina,By Power Rating,250 W - 500 W,250 W - 500 W,2.6,2.4,2.5,2.6,2.7,2.9,3.0,3.2,3.3,3.5,3.7,3.9,4.2
Argentina,By Power Rating,More than 500 W,More than 500 W,0.9,0.9,0.9,0.9,0.9,0.9,1.0,1.0,1.0,1.1,1.1,1.2,1.2
Argentina,By Provider,Direct Sales through OEM,Direct Sales through OEM,1.0,0.9,0.9,0.9,0.9,1.0,1.0,1.0,1.1,1.1,1.1,1.2,1.2
Argentina,By Provider,Distributors and Wholesalers,Distributors and Wholesalers,2.0,1.8,1.9,2.0,2.0,2.1,2.2,2.3,2.5,2.6,2.7,2.9,3.1
Argentina,By Provider,Retailers,Retailers,1.2,1.1,1.2,1.2,1.2,1.3,1.3,1.4,1.4,1.5,1.5,1.6,1.7
Argentina,By Provider,Solar Installers and Contractors,Solar Installers and Contractors,2.3,2.1,2.2,2.3,2.4,2.5,2.7,2.8,3.0,3.2,3.4,3.6,3.8
Argentina,By End User,Residential,Residential,3.7,3.5,3.6,3.7,3.9,4.1,4.3,4.5,4.8,5.1,5.4,5.7,6.0
Argentina,By End User,Commercial and Industrial,Commercial and Industrial,1.8,1.6,1.7,1.7,1.7,1.8,1.9,1.9,2.0,2.1,2.2,2.3,2.4
Argentina,By End User,Utility-scale,Utility-scale,1.0,0.9,0.9,1.0,1.0,1.0,1.0,1.1,1.1,1.2,1.2,1.2,1.3
Mexico,By Technology,Single-Phase Micro Inverters,Single-Phase Micro Inverters,14.8,13.7,14.1,14.5,15.0,15.6,16.2,16.9,17.7,18.5,19.4,20.4,21.5
Mexico,By Technology,Three-Phase Micro Inverters,Three-Phase Micro Inverters,9.9,9.3,9.7,10.2,10.7,11.4,12.1,12.8,13.6,14.5,15.5,16.5,17.7
Mexico,By Power Rating,Less than 250 W,Less than 250 W,11.3,10.5,10.8,11.1,11.6,12.1,12.7,13.3,13.9,14.7,15.4,16.3,17.2
Mexico,By Power Rating,250 W - 500 W,250 W - 500 W,9.7,9.1,9.5,9.9,10.4,11.0,11.6,12.3,13.1,13.9,14.8,15.8,16.9
Mexico,By Power Rating,More than 500 W,More than 500 W,3.7,3.5,3.5,3.6,3.7,3.9,4.0,4.1,4.3,4.5,4.7,4.9,5.1
Mexico,By Provider,Direct Sales through OEM,Direct Sales through OEM,3.9,3.6,3.7,3.8,3.9,4.0,4.1,4.3,4.5,4.6,4.8,5.1,5.3
Mexico,By Provider,Distributors and Wholesalers,Distributors and Wholesalers,7.4,6.9,7.2,7.5,7.8,8.2,8.7,9.1,9.7,10.2,10.8,11.5,12.2
Mexico,By Provider,Retailers,Retailers,4.9,4.5,4.7,4.8,5.0,5.2,5.4,5.6,5.9,6.2,6.5,6.8,7.2
Mexico,By Provider,Solar Installers and Contractors,Solar Installers and Contractors,8.5,8.0,8.3,8.6,9.1,9.6,10.1,10.7,11.3,12.0,12.7,13.6,14.5
Mexico,By End User,Residential,Residential,13.7,13.0,13.5,14.1,14.9,15.8,16.7,17.7,18.9,20.1,21.5,22.9,24.6
Mexico,By End User,Commercial and Industrial,Commercial and Industrial,6.9,6.4,6.5,6.6,6.8,7.1,7.3,7.6,7.9,8.2,8.6,8.9,9.4
Mexico,By End User,Utility-scale,Utility-scale,4.0,3.7,3.8,3.9,4.0,4.1,4.3,4.4,4.6,4.7,4.9,5.0,5.2
Rest of Latin America,By Technology,Single-Phase Micro Inverters,Single-Phase Micro Inverters,12.2,11.3,11.5,11.7,12.1,12.5,13.0,13.5,14.0,14.6,15.2,15.8,16.5
Rest of Latin America,By Technology,Three-Phase Micro Inverters,Three-Phase Micro Inverters,8.3,7.8,8.0,8.4,8.8,9.2,9.7,10.2,10.8,11.4,12.1,12.8,13.6
Rest of Latin America,By Power Rating,Less than 250 W,Less than 250 W,9.3,8.6,8.9,9.1,9.5,9.8,10.2,10.7,11.2,11.7,12.2,12.8,13.5
Rest of Latin America,By Power Rating,250 W - 500 W,250 W - 500 W,8.1,7.5,7.8,8.1,8.4,8.8,9.3,9.8,10.3,10.8,11.4,12.0,12.7
Rest of Latin America,By Power Rating,More than 500 W,More than 500 W,3.1,2.8,2.9,2.9,3.0,3.1,3.2,3.3,3.4,3.5,3.6,3.7,3.9
Rest of Latin America,By Provider,Direct Sales through OEM,Direct Sales through OEM,3.2,2.9,3.0,3.0,3.1,3.2,3.3,3.4,3.5,3.6,3.7,3.8,4.0
Rest of Latin America,By Provider,Distributors and Wholesalers,Distributors and Wholesalers,6.2,5.7,5.9,6.1,6.4,6.6,6.9,7.3,7.6,8.0,8.4,8.9,9.3
Rest of Latin America,By Provider,Retailers,Retailers,4.0,3.7,3.8,3.9,4.0,4.1,4.2,4.4,4.6,4.7,4.9,5.1,5.4
Rest of Latin America,By Provider,Solar Installers and Contractors,Solar Installers and Contractors,7.0,6.6,6.8,7.1,7.4,7.8,8.2,8.7,9.1,9.6,10.2,10.7,11.4
Rest of Latin America,By End User,Residential,Residential,11.5,10.7,11.0,11.4,11.9,12.5,13.1,13.7,14.4,15.2,16.0,16.9,17.9
Rest of Latin America,By End User,Commercial and Industrial,Commercial and Industrial,5.7,5.3,5.4,5.5,5.7,5.9,6.2,6.4,6.7,7.0,7.3,7.6,8.0
Rest of Latin America,By End User,Utility-scale,Utility-scale,3.3,3.0,3.1,3.1,3.2,3.3,3.4,3.6,3.7,3.8,3.9,4.1,4.2
